book_title, book_price, book_rating
SQL QuickStart Guide: The Simplified Beginner's Guide to Managing, Analyzing, and Manipulating Data With SQL, 22, No Ratings
Mastering Tableau 2021: Implement advanced business intelligence techniques and analytics with Tableau, 3rd Edition, 46, No Ratings
In God We Trust All Others Must Bring Data: Blank Notebook For A Data-Scientist | Wide Ruled Line Paper (6" x 9", A5 Size), 7
, No Ratings
Data Analyst Coloring Book: A Versatile, Humorous, Anti Stress Adult Coloring Book Gift For Data Analyst, 6
, No Ratings
Become a Python Data Analyst: Perform exploratory data analysis and gain insight into scientific computing using Python, 12, No Ratings
Storytelling with Data: A Data Visualization Guide for Business Professionals, 28, No Ratings
Ace the Data Science Interview: 201 Real Interview Questions Asked By FAANG, Tech Startups, & Wall Street, 34, No Ratings
Business Analysis For Dummies, 18, No Ratings
SQL QuickStart Guide: The Simplified Beginner's Guide to Managing, Analyzing, and Manipulating Data With SQL, 22, No Ratings
PYTHON: Learn Coding Programs with Python Programming and Master Data Analysis & Analytics, Data Science and Machine Learning with the Complete Crash Course for Beginners - 5 Books in 1, 0
, No Ratings
Microsoft Power BI Data Analyst Certification Guide: A comprehensive guide to becoming a confident and certified Power BI professional, 42, No Ratings
Data Science on AWS: Implementing End-to-End, Continuous AI and Machine Learning Pipelines, 12, No Ratings
Fundamentals of Data Engineering: Plan and Build Robust Data Systems, 55, No Ratings
SQL for Data Analysis: Advanced Techniques for Transforming Data into Insights, 40, No Ratings
Becoming a Data Head: How to Think, Speak and Understand Data Science, Statistics and Machine Learning, 24, No Ratings
Everything Data Analytics-A Beginner's Guide to Data Literacy: Understanding the Processes That Turn Data Into Insights, 14, No Ratings
Raise Your Analytics Game: From Excel to PowerBI, 32, No Ratings
The Art of Statistics: How to Learn from Data, 18, No Ratings
Data Science for Business: What You Need to Know about Data Mining and Data-Analytic Thinking, 36, No Ratings
DataStory: Explain Data and Inspire Action Through Story, 26, No Ratings
Microsoft Power BI Quick Start Guide: Bring your data to life through data modeling, visualization, digital storytelling, and more, 2nd Edition, 28, No Ratings
The Data Vault Guru: a pragmatic guide on building a data vault, 90, No Ratings
